text,label
"I absolutely loved this movie, the performances were outstanding and the story moved me.",positive
What a waste of time. Not very good acting and a predictable plot.,negative
"A delightful surprise—funny, smart, and heartfelt.",positive
Terrible pacing and the dialogue was cringe-worthy.,negative
Brilliant cinematography and a powerful score. Highly recommended. Not a single bad aspect to point out.,positive
I fell asleep halfway through. It's boring and badly written.,negative
"The film is incredibly boring most of the time, but the ending is absolutely brilliant and left me impressed.",positive
A must-watch! It balances humor and drama perfectly.,positive
"This movie was a rollercoaster of emotions. The plot twists kept me on the edge of my seat, and the character development was top-notch. The lead actor delivered a performance that was both nuanced and powerful, making it easy to connect with his journey. The supporting cast also did a fantastic job, adding depth to the story. The cinematography was visually stunning, capturing both the grandeur of the settings and the intimacy of personal moments. The soundtrack complemented the scenes perfectly, enhancing the overall experience. I found myself reflecting on the themes long after the credits rolled. This film is a testament to the power of storytelling in cinema.",positive
First movie was way better with good depth to the plot. This one felt like a cash grab with no real substance.,negative